ゼイカン,税関,1292,1292,265,-9.5532
ゼイキン,税金,1285,1285,474,-9.6714
ゼイタク,贅沢,1287,1287,66,-8.9269
ゼウス,ゼウス,1289,1289,222,-9.4960
ゼッサ,絶さ,586,586,460,-8.8463
ゼッサン,絶賛,1283,1283,133,-9.8331
ゼッシロ,絶しろ,588,588,460,-8.7645
ゼッス,絶す,584,584,460,-8.7729
ゼッスル,絶する,583,583,460,-8.7681
ゼッタイ,絶対,1314,1314,252,-6.0983
ゼッタイニ,絶対に,1314,151,17,-8.8321
ゼツダイ,絶大,1287,1287,169,-9.6693
ゼツボウ,絶望,1283,1283,282,-9.2157
ゼツミョウ,絶妙,1287,1287,66,-9.0656
ゼヒ,ぜひ,1281,1281,17,-6.2370
ゼヒ,是非,1283,1283,436,-8.2283
ゼヒ,是非,1281,1281,436,-8.3499
ゼメ,攻め,1298,1298,411,-9.6619
ゼルダ,ゼルダ,1289,1289,25,-9.6898
ゼロ,ゼロ,1295,1295,283,-6.5435
ゼロ,ZERO,1292,1292,40,-9.5059
ゼンイン,全員,1285,1285,490,-8.2959
ゼンカイ,前回,1285,1285,125,-9.0035
ゼンカン,前漢,1294,1294,135,-9.3297
ゼンキ,前期,1285,1285,94,-9.9110
ゼンコク,全国,1285,1285,224,-8.3007
ゼンゴ,前後,1314,1314,143,-7.1591
ゼンサク,前作,1285,1285,283,-9.4362
ゼンシャ,前者,1285,1285,468,-9.8012
ゼンシン,前身,1285,1285,281,-9.4662
ゼンシン,全身,1285,1285,333,-9.6902
ゼンシン,前進,1283,1283,411,-9.8343
ゼンジツ,前日,1314,1314,380,-8.1237
ゼンジュツ,前述,1283,1283,468,-8.5086
ゼンセカイ,全世界,1288,1288,501,-9.7771
ゼンゼン,全然,1282,1282,17,-5.8676
ゼンタイ,全体,1314,1314,468,-6.4341
ゼンタイテキ,全体的,1288,1288,48,-9.7686
ゼンタイノ,全体の,1314,368,17,-9.7996
ゼンテイ,前提,1285,1285,468,-8.9213
ゼンニホンプロレス,全日本プロレス,1292,1292,141,-9.2831
ゼンネン,前年,1314,1314,178,-7.8302
ゼンハバ,全幅,558,558,194,-9.7801
ゼンハン,前半,1285,1285,356,-9.2312
ゼンブ,全部,1314,1314,283,-6.3934
ゼンブ,ぜんぶ,1314,1314,150,-9.6868
ゼンベイ,全米,1293,1293,318,-7.7909
ゼンリョク,全力,1285,1285,282,-9.4626
ゼンリョクデ,全力で,1285,149,17,-9.6397
ゼー,ぜー,269,269,80,-7.3397