メイカク,明確,1287,1287,169,-7.2718
メイショウ,名称,1285,1285,327,-8.1054
メイジ,命じ,625,625,301,-8.2935
メイズ,命ず,593,593,193,-6.3561
メイズル,命ずる,592,592,193,-6.3576
メイレイ,命令,1283,1283,411,-8.5228
メイワク,迷惑,1287,1287,17,-7.3978
メキ,めき,978,978,80,-5.0758
メキシコ,メキシコ,1294,1294,272,-7.3940
メク,めく,953,953,389,-4.9328
メグマレ,恵まれ,625,625,268,-8.5921
メグリ,巡り,788,788,258,-8.5094
メグル,巡る,772,772,258,-8.3443
メグル,めぐる,772,772,43,-8.5581
メグレ,巡れ,784,784,258,-8.4980
メザシ,目指し,735,735,258,-5.9558
メザス,目指す,731,731,258,-5.8728
メザセ,目指せ,734,734,258,-5.8654
メズラシ,珍し,45,45,468,-6.7083
メズラシ,珍し,39,39,468,-6.8036
メズラシイ,珍しい,43,43,468,-6.9810
メズラシカレ,珍しかれ,48,48,468,-6.6900
メズラシキ,珍しき,44,44,468,-6.6905
メズラシク,珍しく,51,51,468,-6.8531
メズラシュウ,珍しゅう,49,49,468,-6.6900
メダチ,目立ち,743,743,471,-6.2501
メダツ,目立つ,738,738,471,-6.2520
メダテ,目立て,741,741,471,-6.2243
メチャ,めちゃ,1281,1281,244,-7.8257
メチャクチャ,めちゃくちゃ,1287,1287,17,-6.4489
メチャメチャ,めちゃめちゃ,1287,1287,56,-8.2325
メッチャ,めっちゃ,1281,1281,420,-6.1517
メディア,メディア,1285,1285,363,-8.5853
メルカリ,メルカリ,1292,1292,501,-7.3568
メンサ,面さ,586,586,432,-7.4870
メンシ,面し,735,735,432,-7.8975
メンシロ,面しろ,588,588,432,-7.4051
メンス,面す,584,584,432,-7.4135
メンスル,面する,583,583,432,-7.4088
メンタル,メンタル,1287,1287,154,-8.0228
メンドウ,面倒,1287,1287,161,-7.5778
メンドクサ,めんどくさ,11,11,501,-8.2261
メンドクサウ,めんどくさう,31,31,501,-8.0753
メンドクサカレ,めんどくさかれ,29,29,501,-8.0675
メンドクサキ,めんどくさき,21,21,501,-8.0678
メンドクサク,めんどくさく,35,35,501,-8.1588
メンドクサシ,めんどくさし,23,23,501,-8.0752
メンバー,メンバー,1285,1285,334,-7.7696
メートル,メートル,1300,1300,221,-6.4582
メール,メール,1283,1283,363,-8.3276